{
    "Microsoft.DataFactory/factories/pipelines": {
        "properties": {
            "activities": [
                {
                    "typeProperties": {
                        "url": "=",
                        "parameters": {
                            "SharedFolderName": "-"
                        },
                        "ifFalseActivities": [
                            {
                                "typeProperties": {
                                    "url": "="
                                }
                            }
                        ]
                    }
                }
            ],
            "parameters": {
                "ContainerName": {
                    "type": "string",
                    "defaultValue": "-"
                },
                "SharedFolderName": {
                    "type": "string",
                    "defaultValue": "-"
                }
            }
        }
    },
    "Microsoft.DataFactory/factories/integrationRuntimes": {
        "properties": {
            "typeProperties": {
                "ssisProperties": {
                    "catalogInfo": {
                        "catalogServerEndpoint": "=",
                        "catalogAdminUserName": "=",
                        "catalogAdminPassword": {
                            "value": "-::secureString"
                        }
                    },
                    "customSetupScriptProperties": {
                        "sasToken": {
                            "value": "-::secureString"
                        }
                    }
                },
                "linkedInfo": {
                    "key": {
                        "value": "-::secureString"
                    },
                    "resourceId": "="
                }
            }
        }
    },
    "Microsoft.DataFactory/factories/triggers": {
        "properties": {
            "pipelines": [
                {
                    "parameters": {
                        "*": "="
                    }
                },
                "pipelineReference.referenceName"
            ],
            "type": "ScheduleTrigger",
            "typeProperties": {
             "recurrence": {
                "frequency": "=",
                "interval": "=",
                "startTime": "=",
                "timeZone": "=",
                "schedule": {
                    "monthlyOccurrences": [
                        {
                            "day": "=",
                            "occurrence": "="
                        }
                    ]
                }
            },
        
            "pipeline": {
                "parameters": {
                    "*": "="
                }
            },
            "typeProperties": {
                "blobPathBeginsWith": "=",
                "scope": "="
            }
        }
    },
    "Microsoft.DataFactory/factories/linkedServices": {
        "*": {
            "properties": {
                "typeProperties": {
                    "accountName": "=",
                    "username": "=",
                    "userName": "=",
                    "accessKeyId": "=",
                    "servicePrincipalId": "=",
                    "userId": "=",
                    "clientId": "=",
                    "clusterUserName": "=",
                    "clusterSshUserName": "=",
                    "hostSubscriptionId": "=",
                    "clusterResourceGroup": "=",
                    "subscriptionId": "=",
                    "resourceGroupName": "=",
                    "tenant": "=",
                    "dataLakeStoreUri": "=",
                    "baseUrl": "=",
                    "database": "=",
                    "serviceEndpoint": "=",
                    "batchUri": "=",
                    "poolName": "=",
                    "databaseName": "=",
                    "systemNumber": "=",
                    "server": "=",
                    "url": "=",
                    "aadResourceId": "=",
                    "sasUri": "|:-sasUri:secureString",
                    "sasToken": "|",
                    "connectionString": "|:-connectionString:secureString",
                    "password": {
                        "secretName":"="
                    },
                    "domain": "="
                },
                "connectVia": {
                    "referenceName": "="
                }
            }
        },
        "Odbc": {
            "properties": {
                "typeProperties": {
                    "userName": "=",
                    "connectionString": {
                        "secretName": "="
                    }
                }
            }
        }
    },
    "Microsoft.DataFactory/factories/datasets": {
        "*": {
            "properties": {
                "typeProperties": {
                    "folderPath": "=",
                    "fileName": "="
                }
            }
        }
    }
}