{
    "ServiceBus" : [ 
                                    
               {
                    "ResourceGroupName" : "rgname",
                    "NameSpacename": "namespacename",
                    "TopicName": "topicname",
                    "SubscriptionName": "subscriptionname",
                    "Status": "Active",
                    "Enablesession": "false",
                    "MaximumSize": "1024",
                    "EnablePartioning": "false",
                    "EnableOrdering": "false",
                    "Enableexpress": "false",
                    "Enableduplicatedetection": "false",
                    "Enablebatchedoperation": "false",
                    "MaximumDeliveryCount": "2000",
                    "LockDuration": "PT30S",
                    "AutoDeleteonidle": "P7D",
                    "DefaultMessagetoLive": "PT120S"
                    
                    
                },
                {
                    "ResourceGroupName" : "rgname",
                    "NameSpacename": "namespacename",
                    "TopicName": "topicname",
                    "SubscriptionName": "subscriptionname",
                    "Status": "Active",
                    "Enablesession": "false",
                    "MaximumSize": "1024",
                    "EnablePartioning": "false",
                    "EnableOrdering": "false",
                    "Enableexpress": "false",
                    "Enableduplicatedetection": "false",
                    "Enablebatchedoperation": "false",
                    "MaximumDeliveryCount": "2000",
                    "LockDuration": "PT30S",
                    "AutoDeleteonidle": "P7D",
                    "DefaultMessagetoLive": "PT120S"
                    
                    
                }
       
 ]
}