{
    "Eventhub" : [ 
             
                {
                    "ResourceGroupName" : "devopstesting-dev",
                    "NameSpacename": "namespacename",
                    "EventHubname": "eventhubname",
                    "StorageAccount": "/subscriptions/afab3333-b07a-4a15-ac87-8afdc7801557/resourceGroups/test/providers/Microsoft.Storage/storageAccounts/testqancus1",
                    "ContainerName": "machine-sensor-data",
                    "EnableCapture": "true",
                    "Messageretention" : "2",
                    "PartitionCount" : "2",
                    "DestinationName" : "EventHubArchive.AzureBlockBlob",
                    "SharedPolicyname": "RootManageSharedAccessKey",
                    "PolicyRights": "Manage Send Listen"
                },           
                {
                    "ResourceGroupName" : "devopstesting-dev",
                    "NameSpacename" : "namespacename",
                    "EventHubname" : "eventhubname",
                    "StorageAccount" : "/subscriptions/afab3333-b07a-4a15-ac87-8afdc7801557/resourceGroups/test/providers/Microsoft.Storage/storageAccounts/testqancus1",
                    "ContainerName" : "machine-sensor-data",
                    "EnableCapture" : "true",
                    "Messageretention" : "2",
                    "PartitionCount" : "2",
                    "DestinationName" : "EventHubArchive.AzureBlockBlob",
                    "SharedPolicyname": "RootManageSharedAccessKey",
                    "PolicyRights": "Manage Send Listen"
                    } 
       
 ]
}