{
    "$schema": "https://schema.management.azure.com/schemas/2019-04-01/deploymentTemplate.json#",
    "contentVersion": "1.0.0.0",
    "parameters": {
      "office365_1_Connection_Name": {
        "type": "string"
      },
      "office365_1_Connection_DisplayName": {
        "type": "string"
      },
      "LogicAppLocation": {
        "type": "string",
        "minLength": 1,
        "allowedValues": [
          "[resourceGroup().location]",
          "eastasia",
          "southeastasia",
          "centralus",
          "eastus",
          "eastus2",
          "westus",
          "northcentralus",
          "southcentralus",
          "northeurope",
          "westeurope",
          "japanwest",
          "japaneast",
          "brazilsouth",
          "australiaeast",
          "australiasoutheast",
          "southindia",
          "centralindia",
          "westindia",
          "canadacentral",
          "canadaeast",
          "uksouth",
          "ukwest",
          "westcentralus",
          "westus2",
          "koreacentral",
          "koreasouth",
          "francecentral",
          "francesouth",
          "uaecentral",
          "southafricanorth",
          "southafricawest"
        ]
      },
      "LogicAppName": {
        "type": "string",
        "minLength": 1
      }
    },
    "variables": {},
    "resources": [
      {
        "properties": {
          "state": "Enabled",
          "definition": {
             "$schema": "https://schema.management.azure.com/providers/Microsoft.Logic/schemas/2016-06-01/workflowdefinition.json#",
             "actions": {},
             "parameters": {
                "$connections": {
                  "defaultValue": {},
                  "type": "Object"
                     }
                   },
             "triggers": {},
             "contentVersion": "1.0.0.0",
             "outputs": {}      
        },
          "parameters": {
            "$connections": {
              "value": {
                "office365": {
                  "id": "[concat(subscription().id, '/providers/Microsoft.Web/locations/',parameters('LogicAppLocation'), '/managedApis/', 'office365')]",
                  "connectionId": "[resourceId('Microsoft.Web/connections', parameters('office365_1_Connection_Name'))]",
                  "connectionName": "[parameters('office365_1_Connection_Name')]"
                }
              }
            }
          }
        },
        "name": "[parameters('LogicAppName')]",
        "type": "Microsoft.Logic/workflows",
        "location": "[parameters('LogicAppLocation')]",
        "tags": {
        },
        "apiVersion": "2016-06-01",
        "dependsOn": [
          "[resourceId('Microsoft.Web/connections', parameters('office365_1_Connection_Name'))]"
        ]
      },
      {
        "type": "MICROSOFT.WEB/CONNECTIONS",
        "apiVersion": "2016-06-01",
        "name": "[parameters('office365_1_Connection_Name')]",
        "location": "[parameters('LogicAppLocation')]",
        "properties": {
          "api": {
            "id": "[concat(subscription().id, '/providers/Microsoft.Web/locations/',parameters('LogicAppLocation'), '/managedApis/', 'office365')]"
          },
          "displayName": "[parameters('office365_1_Connection_DisplayName')]"
        }
      }
    ],
    "outputs": {}
  }