{
    "$schema": "https://schema.management.azure.com/schemas/2019-04-01/deploymentParameters.json#",
    "contentVersion": "1.0.0.0",
    "parameters": {
        "office365_1_Connection_Name": {
            "value": "office365"
        },
        "office365_1_Connection_DisplayName": {
            "value": "IABOAP05@kcc.com"
        },
        "LogicAppLocation": {
            "value": "northcentralus"
        },
        "LogicAppName": {
            "value": "lapp-devopstesting-dev-ncus-1"
        }
    }
}