<?xml version="1.0" encoding="utf-8"?>
<Project ToolsVersion="Current" xmlns="http://schemas.microsoft.com/developer/msbuild/2003">
  <PropertyGroup>
    <IncludeCompositeObjects>True</IncludeCompositeObjects>
    <TargetDatabaseName>#{PROD.DatabaseName}#</TargetDatabaseName>
    <DeployScriptFileName>PROD.sql</DeployScriptFileName>
    <TargetConnectionString>Data Source=#{PROD.ServerName}#;Persist Security Info=False;User ID=#{PROD.SqlUsername}#;Password=#{PROD.SqlPassword}#;Pooling=False;MultipleActiveResultSets=False;Connect Timeout=60;Encrypt=True;TrustServerCertificate=False</TargetConnectionString>
    <BlockOnPossibleDataLoss>True</BlockOnPossibleDataLoss>
    <ScriptFileSize>False</ScriptFileSize>
    <DatabaseEdition>Basic</DatabaseEdition>
    <DatabaseServiceObjective>Basic</DatabaseServiceObjective>
    <CreateNewDatabase>False</CreateNewDatabase>
    <ProfileVersionNumber>1</ProfileVersionNumber>
    <ScriptDatabaseOptions>False</ScriptDatabaseOptions>
  </PropertyGroup>
</Project>